#info;12:50:27.665;44449.53504241898;sensor;33171009;Pedometer;accuracy;3
33171009;12:06:00.292;44449.5041700463;1.000;1.718;51.000;0.000;4427478012698945000000000000.000;4427478012698945000000000000.000;-0.000;0.000;0.000;-0.000;-0.000;-0.000;0.000;-0.000;-0.000;-0.000
33171009;12:06:01.330;44449.504182060184;3.000;1.719;59.000;0.000;4427478012698945000000000000.000;4427478012698945000000000000.000;-0.000;0.000;0.000;-0.000;-0.000;-0.000;0.000;-0.000;-0.000;-0.000
33171009;12:06:02.290;44449.50419317129;5.000;2.266;76.000;-0.000;0.000;0.000;-0.000;-0.000;NaN;-0.000;0.000;-0.000;0.000;0.000;0.000;-0.000
33171009;12:06:03.305;44449.50420491898;7.000;1.812;93.000;-0.000;0.000;4427478012698945000000000000.000;-0.000;0.000;0.000;-0.000;-0.000;-0.000;0.000;-0.000;0.000;-0.000
33171009;12:06:04.323;44449.50421670139;8.000;1.365;79.000;-0.000;0.000;0.000;-0.000;-0.000;0.000;-0.000;0.000;-0.000;0.000;0.000;0.000;-0.000
33171009;12:06:05.294;44449.50422793982;10.000;1.661;84.000;-0.000;0.000;0.000;-0.000;-0.000;NaN;-0.000;0.000;-0.000;0.000;0.000;0.000;-0.000
33171009;12:06:06.311;44449.504239710644;12.000;2.622;50.000;-0.000;0.000;0.000;-0.000;-0.000;NaN;-0.000;0.000;-0.000;0.000;0.000;0.000;-0.000
33171009;12:06:07.269;44449.50425079861;13.000;2.491;55.000;-0.000;0.000;4427478012698945000000000000.000;-0.000;0.000;0.000;-0.000;-0.000;-0.000;0.000;-0.000;0.000;-0.000
33171009;12:21:56.837;44449.51524116898;1.000;2.168;79.000;-0.000;0.000;4427478012698945000000000000.000;-0.000;0.000;0.000;-0.000;-0.000;-0.000;0.000;-0.000;-0.000;-0.000
33171009;12:21:57.857;44449.51525297454;3.000;2.120;93.000;-0.000;0.000;0.000;-0.000;-0.000;NaN;-0.000;0.000;-0.000;0.000;0.000;0.000;-0.000
33171009;12:21:58.825;44449.51526417824;5.000;2.265;93.000;-0.000;0.000;0.000;-0.000;-0.000;NaN;-0.000;0.000;-0.000;0.000;0.000;0.000;-0.000
33171009;12:21:59.839;44449.51527591435;7.000;1.780;89.000;-0.000;0.000;4427478012698945000000000000.000;-0.000;0.000;0.000;-0.000;-0.000;-0.000;0.000;-0.000;0.000;-0.000
33171009;12:22:00.799;44449.51528702547;9.000;2.214;93.000;-0.000;0.000;4427478012698945000000000000.000;-0.000;0.000;0.000;-0.000;-0.000;-0.000;0.000;-0.000;0.000;-0.000
33171009;12:22:01.836;44449.51529902778;11.000;1.718;89.000;-0.000;0.000;4427478012698945000000000000.000;-0.000;0.000;0.000;-0.000;-0.000;-0.000;0.000;-0.000;0.000;-0.000
33171009;12:22:02.856;44449.51531083333;14.000;2.318;92.000;-0.000;0.000;4427478012698945000000000000.000;-0.000;0.000;0.000;-0.000;-0.000;-0.000;0.000;-0.000;0.000;-0.000
33171009;12:22:03.823;44449.51532202546;16.000;3.115;87.000;-0.000;0.000;4427478012698945000000000000.000;-0.000;0.000;0.000;-0.000;-0.000;-0.000;0.000;-0.000;0.000;-0.000
33171009;12:22:04.838;44449.515333773146;18.000;2.212;93.000;-0.000;0.000;0.000;-0.000;-0.000;NaN;-0.000;0.000;-0.000;0.000;0.000;0.000;-0.000
33171009;12:22:05.797;44449.515344872685;20.000;1.847;93.000;-0.000;0.000;4427478012698945000000000000.000;-0.000;0.000;0.000;-0.000;-0.000;-0.000;0.000;-0.000;0.000;-0.000
33171009;12:22:06.817;44449.51535667824;23.000;3.216;89.000;-0.000;0.000;4427478012698945000000000000.000;-0.000;0.000;0.000;-0.000;-0.000;-0.000;0.000;-0.000;0.000;-0.000
33171009;12:22:07.835;44449.51536846065;25.000;2.266;92.000;-0.000;0.000;0.000;-0.000;-0.000;NaN;-0.000;0.000;-0.000;0.000;0.000;0.000;-0.000
33171009;12:22:08.806;44449.51537969908;27.000;2.933;89.000;-0.000;0.000;4427478012698945000000000000.000;-0.000;0.000;0.000;-0.000;-0.000;-0.000;0.000;-0.000;0.000;-0.000
33171009;12:22:09.844;44449.515391712965;30.000;2.770;92.000;-0.000;0.000;4427478012698945000000000000.000;-0.000;0.000;0.000;-0.000;-0.000;-0.000;0.000;-0.000;0.000;-0.000
33171009;12:22:10.802;44449.51540280093;32.000;1.881;58.000;-0.000;0.000;4427478012698945000000000000.000;-0.000;0.000;0.000;-0.000;-0.000;-0.000;0.000;-0.000;0.000;-0.000
33171009;12:22:11.820;44449.51541458334;34.000;1.809;75.000;-0.000;0.000;0.000;-0.000;-0.000;NaN;-0.000;0.000;-0.000;0.000;0.000;0.000;-0.000
33171009;12:22:12.782;44449.51542571759;36.000;2.077;93.000;-0.000;0.000;4427478012698945000000000000.000;-0.000;0.000;0.000;-0.000;-0.000;-0.000;0.000;-0.000;0.000;-0.000
33171009;12:22:13.803;44449.51543753472;38.000;1.749;89.000;-0.000;0.000;4427478012698945000000000000.000;-0.000;0.000;0.000;-0.000;-0.000;-0.000;0.000;-0.000;0.000;-0.000
33171009;12:22:14.820;44449.51544930556;40.000;2.037;92.000;-0.000;0.000;4427478012698945000000000000.000;-0.000;0.000;0.000;-0.000;-0.000;-0.000;0.000;-0.000;0.000;-0.000
33171009;12:22:15.779;44449.51546040509;42.000;2.432;93.000;-0.000;0.000;4427478012698945000000000000.000;-0.000;0.000;0.000;-0.000;-0.000;-0.000;0.000;-0.000;0.000;-0.000
33171009;12:22:16.799;44449.51547221065;45.000;2.120;93.000;-0.000;0.000;4427478012698945000000000000.000;-0.000;0.000;0.000;-0.000;-0.000;-0.000;0.000;-0.000;0.000;-0.000
33171009;12:22:17.835;44449.51548420139;47.000;1.955;93.000;-0.000;0.000;0.000;-0.000;-0.000;0.000;-0.000;0.000;-0.000;0.000;0.000;0.000;-0.000
33171009;12:22:18.802;44449.51549539352;50.000;2.374;87.000;-0.000;0.000;0.000;-0.000;-0.000;NaN;-0.000;0.000;-0.000;0.000;0.000;0.000;-0.000
33171009;12:22:19.763;44449.5155065162;52.000;2.565;86.000;-0.000;0.000;4427478012698945000000000000.000;-0.000;0.000;0.000;-0.000;-0.000;-0.000;0.000;-0.000;0.000;-0.000
33171009;12:22:20.776;44449.51551824074;54.000;1.994;85.000;-0.000;0.000;4427478012698945000000000000.000;-0.000;0.000;0.000;-0.000;-0.000;-0.000;0.000;-0.000;0.000;-0.000
33171009;12:22:21.798;44449.515530069446;57.000;2.215;93.000;-0.000;0.000;4427478012698945000000000000.000;-0.000;0.000;0.000;-0.000;-0.000;-0.000;0.000;-0.000;0.000;-0.000
33171009;12:22:22.765;44449.51554126157;59.000;2.167;93.000;-0.000;0.000;4427478012698945000000000000.000;-0.000;0.000;0.000;-0.000;-0.000;-0.000;0.000;-0.000;0.000;-0.000
33171009;12:22:23.784;44449.51555305556;61.000;2.265;93.000;-0.000;0.000;4427478012698945000000000000.000;-0.000;0.000;0.000;-0.000;-0.000;-0.000;0.000;-0.000;0.000;-0.000
33171009;12:22:24.800;44449.515564814814;63.000;1.718;89.000;-0.000;0.000;4427478012698945000000000000.000;-0.000;0.000;0.000;-0.000;-0.000;-0.000;0.000;-0.000;0.000;-0.000
33171009;12:22:25.757;44449.5155758912;65.000;2.215;92.000;-0.000;0.000;4427478012698945000000000000.000;-0.000;0.000;0.000;-0.000;-0.000;-0.000;0.000;-0.000;0.000;-0.000
33171009;12:22:26.799;44449.51558795139;67.000;1.812;89.000;-0.000;0.000;4427478012698945000000000000.000;-0.000;0.000;0.000;-0.000;-0.000;-0.000;0.000;-0.000;0.000;-0.000
33171009;12:22:27.765;44449.51559913195;70.000;2.214;93.000;-0.000;0.000;4427478012698945000000000000.000;-0.000;0.000;0.000;-0.000;-0.000;-0.000;0.000;-0.000;0.000;-0.000
33171009;12:22:28.782;44449.515610902774;72.000;2.167;93.000;-0.000;0.000;4427478012698945000000000000.000;-0.000;0.000;0.000;-0.000;-0.000;-0.000;0.000;-0.000;0.000;-0.000
33171009;12:22:29.745;44449.51562204861;74.000;2.265;93.000;-0.000;0.000;4427478012698945000000000000.000;-0.000;0.000;0.000;-0.000;-0.000;-0.000;0.000;-0.000;0.000;-0.000
33171009;12:22:30.758;44449.515633773146;76.000;2.215;93.000;-0.000;0.000;4427478012698945000000000000.000;-0.000;0.000;0.000;-0.000;-0.000;-0.000;0.000;-0.000;0.000;-0.000
33171009;12:22:31.778;44449.51564557871;79.000;2.167;93.000;-0.000;0.000;4427478012698945000000000000.000;-0.000;0.000;0.000;-0.000;-0.000;-0.000;0.000;-0.000;0.000;-0.000
33171009;12:22:32.795;44449.51565734953;81.000;2.120;93.000;-0.000;0.000;4427478012698945000000000000.000;-0.000;0.000;0.000;-0.000;-0.000;-0.000;0.000;-0.000;0.000;-0.000
33171009;12:22:33.764;44449.51566856481;83.000;2.167;93.000;-0.000;0.000;4427478012698945000000000000.000;-0.000;0.000;0.000;-0.000;-0.000;-0.000;0.000;-0.000;0.000;-0.000
33171009;12:22:34.797;44449.51568052083;85.000;2.167;93.000;-0.000;0.000;4427478012698945000000000000.000;-0.000;0.000;0.000;-0.000;-0.000;-0.000;0.000;-0.000;0.000;-0.000
33171009;12:22:35.758;44449.51569164352;87.000;2.168;93.000;-0.000;0.000;4427478012698945000000000000.000;-0.000;0.000;0.000;-0.000;-0.000;-0.000;0.000;-0.000;0.000;-0.000
33171009;12:22:36.775;44449.51570341435;90.000;2.215;93.000;-0.000;0.000;4427478012698945000000000000.000;-0.000;0.000;0.000;-0.000;-0.000;-0.000;0.000;-0.000;0.000;-0.000
33171009;12:22:37.744;44449.515714629626;92.000;1.843;93.000;-0.000;0.000;4427478012698945000000000000.000;-0.000;0.000;0.000;-0.000;-0.000;-0.000;0.000;-0.000;0.000;-0.000
33171009;12:22:38.762;44449.515726412035;94.000;3.020;89.000;-0.000;0.000;4427478012698945000000000000.000;-0.000;0.000;0.000;-0.000;-0.000;-0.000;0.000;-0.000;0.000;-0.000
33171009;12:22:39.727;44449.51573758102;96.000;2.215;93.000;-0.000;0.000;4427478012698945000000000000.000;-0.000;0.000;0.000;-0.000;-0.000;-0.000;0.000;-0.000;0.000;-0.000
33171009;12:22:40.738;44449.51574928241;98.000;2.162;93.000;-0.000;0.000;4427478012698945000000000000.000;-0.000;0.000;0.000;-0.000;-0.000;-0.000;0.000;-0.000;0.000;-0.000
33171009;12:22:41.761;44449.51576112269;101.000;2.318;93.000;-0.000;0.000;4427478012698945000000000000.000;-0.000;0.000;0.000;-0.000;-0.000;-0.000;0.000;-0.000;0.000;-0.000
33171009;12:22:42.725;44449.515772280094;103.000;2.167;93.000;-0.000;0.000;4427478012698945000000000000.000;-0.000;0.000;0.000;-0.000;-0.000;-0.000;0.000;-0.000;0.000;-0.000
33171009;12:22:43.759;44449.515784247684;105.000;2.267;93.000;-0.000;0.000;4427478012698945000000000000.000;-0.000;0.000;0.000;-0.000;-0.000;-0.000;0.000;-0.000;0.000;-0.000
33171009;12:22:44.730;44449.515795486106;107.000;2.076;93.000;-0.000;0.000;4427478012698945000000000000.000;-0.000;0.000;0.000;-0.000;-0.000;-0.000;0.000;-0.000;0.000;-0.000
33171009;12:22:45.743;44449.51580721065;109.000;2.769;93.000;-0.000;0.000;4427478012698945000000000000.000;-0.000;0.000;0.000;-0.000;-0.000;-0.000;0.000;-0.000;0.000;-0.000
33171009;12:22:46.760;44449.51581898148;113.000;2.623;88.000;-0.000;0.000;4427478012698945000000000000.000;-0.000;0.000;0.000;-0.000;-0.000;-0.000;0.000;-0.000;0.000;-0.000
33171009;12:22:47.720;44449.5158300926;115.000;2.265;51.000;-0.000;0.000;4427478012698945000000000000.000;-0.000;0.000;0.000;-0.000;-0.000;-0.000;0.000;-0.000;0.000;-0.000
33171009;12:22:48.737;44449.515841863424;117.000;2.169;88.000;-0.000;0.000;4427478012698945000000000000.000;-0.000;0.000;0.000;-0.000;-0.000;-0.000;0.000;-0.000;0.000;-0.000
33171009;12:22:49.758;44449.515853680554;119.000;2.077;93.000;-0.000;0.000;4427478012698945000000000000.000;-0.000;0.000;0.000;-0.000;-0.000;-0.000;0.000;-0.000;0.000;-0.000
33171009;12:22:50.725;44449.51586487269;121.000;2.121;93.000;-0.000;0.000;4427478012698945000000000000.000;-0.000;0.000;0.000;-0.000;-0.000;-0.000;0.000;-0.000;0.000;-0.000
33171009;12:22:51.762;44449.515876875;123.000;2.220;93.000;-0.000;0.000;0.000;-0.000;-0.000;NaN;-0.000;0.000;-0.000;0.000;0.000;0.000;-0.000
33171009;12:22:52.719;44449.51588795139;126.000;2.492;93.000;-0.000;0.000;4427478012698945000000000000.000;-0.000;0.000;0.000;-0.000;-0.000;-0.000;0.000;-0.000;0.000;-0.000
33171009;12:22:53.738;44449.51589974537;128.000;2.315;93.000;-0.000;0.000;4427478012698945000000000000.000;-0.000;0.000;0.000;-0.000;-0.000;-0.000;0.000;-0.000;0.000;-0.000
33171009;12:22:54.755;44449.5159115162;130.000;2.373;93.000;-0.000;0.000;4427478012698945000000000000.000;-0.000;0.000;0.000;-0.000;-0.000;-0.000;0.000;-0.000;0.000;-0.000
33171009;12:22:55.725;44449.515922743056;134.000;2.694;90.000;-0.000;0.000;4427478012698945000000000000.000;-0.000;0.000;0.000;-0.000;-0.000;-0.000;0.000;-0.000;0.000;-0.000
33171009;12:22:56.742;44449.51593451389;136.000;2.272;90.000;-0.000;0.000;4427478012698945000000000000.000;-0.000;0.000;0.000;-0.000;-0.000;-0.000;0.000;-0.000;0.000;-0.000
33171009;12:22:57.701;44449.51594561343;139.000;1.583;71.000;-0.000;0.000;4427478012698945000000000000.000;-0.000;0.000;0.000;-0.000;-0.000;-0.000;0.000;-0.000;0.000;-0.000
33171009;12:22:58.718;44449.515957384254;141.000;2.625;90.000;-0.000;0.000;0.000;-0.000;-0.000;NaN;-0.000;0.000;-0.000;0.000;0.000;0.000;-0.000
33171009;12:22:59.756;44449.51596939815;143.000;3.562;80.000;-0.000;0.000;4427478012698945000000000000.000;-0.000;0.000;0.000;-0.000;-0.000;-0.000;0.000;-0.000;0.000;-0.000
33171009;12:23:00.725;44449.515980613425;145.000;1.719;88.000;-0.000;0.000;4427478012698945000000000000.000;-0.000;0.000;0.000;-0.000;-0.000;-0.000;0.000;-0.000;0.000;-0.000
33171009;12:23:02.700;44449.51600347222;146.000;2.374;64.000;-0.000;0.000;0.000;-0.000;-0.000;NaN;-0.000;0.000;-0.000;0.000;0.000;0.000;-0.000
33171009;12:23:03.718;44449.51601525463;147.000;1.780;64.000;-0.000;0.000;4427478012698945000000000000.000;-0.000;0.000;0.000;-0.000;-0.000;-0.000;0.000;-0.000;0.000;-0.000
33171009;12:23:04.686;44449.51602645833;149.000;2.557;76.000;-0.000;0.000;4427478012698945000000000000.000;-0.000;0.000;0.000;-0.000;-0.000;-0.000;0.000;-0.000;0.000;-0.000
33171009;12:23:05.704;44449.51603824074;151.000;1.781;88.000;-0.000;0.000;4427478012698945000000000000.000;-0.000;0.000;0.000;-0.000;-0.000;-0.000;0.000;-0.000;0.000;-0.000
33171009;12:23:06.724;44449.516050046295;154.000;2.121;93.000;-0.000;0.000;4427478012698945000000000000.000;-0.000;0.000;0.000;-0.000;-0.000;-0.000;0.000;-0.000;0.000;-0.000
33171009;12:23:07.679;44449.51606109954;156.000;2.266;93.000;-0.000;0.000;4427478012698945000000000000.000;-0.000;0.000;0.000;-0.000;-0.000;-0.000;0.000;-0.000;0.000;-0.000
33171009;12:23:08.719;44449.516073136576;158.000;2.162;93.000;-0.000;0.000;4427478012698945000000000000.000;-0.000;0.000;0.000;-0.000;-0.000;-0.000;0.000;-0.000;0.000;-0.000
33171009;12:23:09.684;44449.51608430556;161.000;2.769;93.000;-0.000;0.000;4427478012698945000000000000.000;-0.000;0.000;0.000;-0.000;-0.000;-0.000;0.000;-0.000;0.000;-0.000
33171009;12:23:10.711;44449.51609619213;163.000;2.318;93.000;-0.000;0.000;4427478012698945000000000000.000;-0.000;0.000;0.000;-0.000;-0.000;-0.000;0.000;-0.000;0.000;-0.000
33171009;12:23:12.677;44449.51611894676;166.000;3.437;63.000;-0.000;0.000;4427478012698945000000000000.000;-0.000;0.000;0.000;-0.000;-0.000;-0.000;0.000;-0.000;0.000;-0.000
33171009;12:23:14.718;44449.516142569446;168.000;1.384;55.000;-0.000;0.000;4427478012698945000000000000.000;-0.000;0.000;0.000;-0.000;-0.000;-0.000;0.000;-0.000;0.000;-0.000
33171009;12:23:15.684;44449.516153749995;170.000;1.917;85.000;-0.000;0.000;4427478012698945000000000000.000;-0.000;0.000;0.000;-0.000;-0.000;-0.000;0.000;-0.000;0.000;-0.000
33171009;12:23:16.715;44449.51616568287;172.000;2.123;92.000;-0.000;0.000;4427478012698945000000000000.000;-0.000;0.000;0.000;-0.000;-0.000;-0.000;0.000;-0.000;0.000;-0.000
33171009;12:23:17.680;44449.51617685185;174.000;2.318;93.000;-0.000;0.000;4427478012698945000000000000.000;-0.000;0.000;0.000;-0.000;-0.000;-0.000;0.000;-0.000;0.000;-0.000
33171009;12:23:18.697;44449.516188622685;177.000;2.318;93.000;-0.000;0.000;0.000;-0.000;-0.000;NaN;-0.000;0.000;-0.000;0.000;0.000;0.000;-0.000
33171009;12:23:19.665;44449.516199826394;179.000;2.848;93.000;-0.000;-0.000;-0.000;0.000;0.000;0.000;0.000;0.000;-0.000;0.000;0.000;0.000;-0.000
33171009;12:23:20.683;44449.516211608796;181.000;2.373;93.000;-0.000;-0.000;4427478012698945000000000000.000;-0.000;0.000;0.000;-0.000;-0.000;-0.000;0.000;-0.000;0.000;-0.000
33171009;12:23:21.648;44449.51622277778;184.000;2.164;93.000;-0.000;-0.000;4427478012698945000000000000.000;-0.000;0.000;0.000;-0.000;-0.000;-0.000;0.000;-0.000;0.000;-0.000
33171009;12:23:22.660;44449.516234490744;186.000;2.318;93.000;-0.000;-0.000;4427478012698945000000000000.000;-0.000;0.000;0.000;-0.000;-0.000;-0.000;0.000;-0.000;0.000;-0.000
33171009;12:23:23.678;44449.51624627315;189.000;2.623;93.000;-0.000;-0.000;4427478012698945000000000000.000;-0.000;0.000;0.000;-0.000;-0.000;-0.000;0.000;-0.000;0.000;-0.000
33171009;12:23:24.716;44449.51625828704;192.000;2.169;93.000;-0.000;-0.000;4427478012698945000000000000.000;-0.000;0.000;0.000;-0.000;-0.000;-0.000;0.000;-0.000;0.000;-0.000
33171009;12:23:25.680;44449.516269444444;194.000;2.493;93.000;-0.000;-0.000;4427478012698945000000000000.000;-0.000;0.000;0.000;-0.000;-0.000;-0.000;0.000;-0.000;0.000;-0.000
33171009;12:23:26.642;44449.516280578704;196.000;2.168;93.000;-0.000;0.000;0.000;-0.000;-0.000;NaN;-0.000;0.000;-0.000;0.000;0.000;0.000;-0.000
33171009;12:23:27.658;44449.51629233796;199.000;2.933;93.000;-0.000;0.000;4427478012698945000000000000.000;-0.000;0.000;0.000;-0.000;-0.000;-0.000;0.000;-0.000;0.000;-0.000
33171009;12:23:28.676;44449.51630412037;201.000;2.493;93.000;-0.000;0.000;4427478012698945000000000000.000;-0.000;0.000;0.000;-0.000;-0.000;-0.000;0.000;-0.000;0.000;-0.000
33171009;12:23:29.646;44449.516315347224;204.000;2.216;93.000;-0.000;0.000;0.000;-0.000;-0.000;NaN;-0.000;0.000;-0.000;0.000;0.000;0.000;-0.000
33171009;12:23:30.664;44449.51632712963;206.000;2.493;93.000;-0.000;0.000;4427478012698945000000000000.000;-0.000;0.000;0.000;-0.000;-0.000;-0.000;0.000;-0.000;0.000;-0.000
33171009;12:23:31.683;44449.51633892361;209.000;2.494;93.000;-0.000;0.000;4427478012698945000000000000.000;-0.000;0.000;0.000;-0.000;-0.000;-0.000;0.000;-0.000;0.000;-0.000
33171009;12:23:32.638;44449.51634997685;212.000;2.216;93.000;-0.000;0.000;4427478012698945000000000000.000;-0.000;0.000;0.000;-0.000;-0.000;-0.000;0.000;-0.000;0.000;-0.000
33171009;12:23:33.675;44449.51636197917;214.000;2.432;93.000;-0.000;0.000;4427478012698945000000000000.000;-0.000;0.000;0.000;-0.000;-0.000;-0.000;0.000;-0.000;0.000;-0.000
33171009;12:23:34.644;44449.51637319445;217.000;2.216;93.000;-0.000;0.000;4427478012698945000000000000.000;-0.000;0.000;0.000;-0.000;-0.000;-0.000;0.000;-0.000;0.000;-0.000
33171009;12:23:35.662;44449.51638497685;220.000;2.035;91.000;-0.000;0.000;4427478012698945000000000000.000;-0.000;0.000;0.000;-0.000;-0.000;-0.000;0.000;-0.000;0.000;-0.000
33171009;12:23:36.620;44449.51639606481;222.000;2.702;92.000;-0.000;0.000;4427478012698945000000000000.000;-0.000;0.000;0.000;-0.000;-0.000;-0.000;0.000;-0.000;0.000;-0.000
33171009;12:23:37.638;44449.51640784722;224.000;2.374;93.000;-0.000;0.000;4427478012698945000000000000.000;-0.000;0.000;0.000;-0.000;-0.000;-0.000;0.000;-0.000;0.000;-0.000
33171009;12:23:38.657;44449.51641964121;227.000;2.166;93.000;-0.000;0.000;4427478012698945000000000000.000;-0.000;0.000;0.000;-0.000;-0.000;-0.000;0.000;-0.000;0.000;-0.000
33171009;12:23:39.623;44449.516430821765;229.000;2.491;93.000;-0.000;0.000;4427478012698945000000000000.000;-0.000;0.000;0.000;-0.000;-0.000;-0.000;0.000;-0.000;0.000;-0.000
33171009;12:23:40.645;44449.51644265046;232.000;2.556;93.000;-0.000;0.000;4427478012698945000000000000.000;-0.000;0.000;0.000;-0.000;-0.000;-0.000;0.000;-0.000;0.000;-0.000
33171009;12:23:41.681;44449.516454641205;234.000;3.020;93.000;-0.000;0.000;4427478012698945000000000000.000;-0.000;0.000;0.000;-0.000;-0.000;-0.000;0.000;-0.000;0.000;-0.000
33171009;12:23:42.639;44449.51646572917;237.000;2.492;93.000;-0.000;0.000;4427478012698945000000000000.000;-0.000;0.000;0.000;-0.000;-0.000;-0.000;0.000;-0.000;0.000;-0.000
33171009;12:23:43.657;44449.51647751157;239.000;2.167;93.000;-0.000;0.000;4427478012698945000000000000.000;-0.000;0.000;0.000;-0.000;-0.000;-0.000;0.000;-0.000;0.000;-0.000
33171009;12:23:44.627;44449.51648873843;242.000;3.115;93.000;-0.000;0.000;4427478012698945000000000000.000;-0.000;0.000;0.000;-0.000;-0.000;-0.000;0.000;-0.000;0.000;-0.000
33171009;12:23:45.642;44449.51650048611;244.000;2.431;93.000;-0.000;0.000;4427478012698945000000000000.000;-0.000;0.000;0.000;-0.000;-0.000;-0.000;0.000;-0.000;0.000;-0.000
33171009;12:23:46.603;44449.516511608796;247.000;2.215;93.000;-0.000;0.000;4427478012698945000000000000.000;-0.000;0.000;0.000;-0.000;-0.000;-0.000;0.000;-0.000;0.000;-0.000
33171009;12:23:47.620;44449.51652337963;249.000;2.623;93.000;-0.000;0.000;4427478012698945000000000000.000;-0.000;0.000;0.000;-0.000;-0.000;-0.000;0.000;-0.000;0.000;-0.000
33171009;12:23:48.636;44449.516535138886;252.000;2.492;93.000;-0.000;0.000;4427478012698945000000000000.000;-0.000;0.000;0.000;-0.000;-0.000;-0.000;0.000;-0.000;0.000;-0.000
33171009;12:23:49.603;44449.51654633102;254.000;2.929;93.000;-0.000;0.000;4427478012698945000000000000.000;-0.000;0.000;0.000;-0.000;-0.000;-0.000;0.000;-0.000;0.000;-0.000
33171009;12:23:50.644;44449.51655837963;257.000;1.954;89.000;-0.000;0.000;4427478012698945000000000000.000;-0.000;0.000;0.000;-0.000;-0.000;-0.000;0.000;-0.000;0.000;-0.000
33171009;12:23:51.599;44449.516569432875;259.000;1.881;88.000;-0.000;0.000;4427478012698945000000000000.000;-0.000;0.000;0.000;-0.000;-0.000;-0.000;0.000;-0.000;0.000;-0.000
33171009;12:23:52.618;44449.51658122685;262.000;3.560;50.000;-0.000;0.000;4427478012698945000000000000.000;-0.000;0.000;0.000;-0.000;-0.000;-0.000;0.000;-0.000;0.000;-0.000
33171009;12:23:53.590;44449.51659247685;263.000;2.265;71.000;-0.000;0.000;4427478012698945000000000000.000;-0.000;0.000;0.000;-0.000;-0.000;-0.000;0.000;-0.000;0.000;-0.000
33171009;12:23:54.603;44449.51660420139;266.000;1.993;66.000;-0.000;0.000;0.000;-0.000;-0.000;NaN;-0.000;0.000;-0.000;0.000;0.000;0.000;-0.000
33171009;12:23:55.621;44449.5166159838;269.000;2.373;93.000;-0.000;0.000;4427478012698945000000000000.000;-0.000;0.000;0.000;-0.000;-0.000;-0.000;0.000;-0.000;0.000;-0.000
33171009;12:23:56.585;44449.5166271412;271.000;2.847;93.000;-0.000;0.000;4427478012698945000000000000.000;-0.000;0.000;0.000;-0.000;-0.000;-0.000;0.000;-0.000;0.000;-0.000
33171009;12:23:57.600;44449.51663888889;274.000;2.431;93.000;-0.000;0.000;4427478012698945000000000000.000;-0.000;0.000;0.000;-0.000;-0.000;-0.000;0.000;-0.000;0.000;-0.000
33171009;12:23:58.639;44449.51665091435;276.000;2.318;76.000;-0.000;0.000;4427478012698945000000000000.000;-0.000;0.000;0.000;-0.000;-0.000;-0.000;0.000;-0.000;0.000;-0.000
33171009;12:23:59.599;44449.51666202546;279.000;3.020;78.000;-0.000;0.000;4427478012698945000000000000.000;-0.000;0.000;0.000;-0.000;-0.000;-0.000;0.000;-0.000;0.000;-0.000
33171009;12:24:02.598;44449.516696736115;282.000;2.768;72.000;-0.000;0.000;4427478012698945000000000000.000;-0.000;0.000;0.000;-0.000;-0.000;-0.000;0.000;-0.000;0.000;-0.000
33171009;12:24:03.615;44449.51670850694;284.000;2.432;92.000;-0.000;0.000;4427478012698945000000000000.000;-0.000;0.000;0.000;-0.000;-0.000;-0.000;0.000;-0.000;0.000;-0.000
33171009;12:24:04.585;44449.5167197338;287.000;2.120;93.000;-0.000;0.000;4427478012698945000000000000.000;-0.000;0.000;0.000;-0.000;-0.000;-0.000;0.000;-0.000;0.000;-0.000
33171009;12:24:05.602;44449.51673150463;289.000;2.373;93.000;-0.000;0.000;4427478012698945000000000000.000;-0.000;0.000;0.000;-0.000;-0.000;-0.000;0.000;-0.000;0.000;-0.000
33171009;12:24:06.568;44449.516742685184;291.000;2.171;93.000;-0.000;0.000;4427478012698945000000000000.000;-0.000;0.000;0.000;-0.000;-0.000;-0.000;0.000;-0.000;0.000;-0.000
33171009;12:24:07.600;44449.51675462963;294.000;2.847;93.000;-0.000;0.000;0.000;-0.000;-0.000;NaN;-0.000;0.000;-0.000;0.000;0.000;0.000;-0.000
33171009;12:24:08.565;44449.51676579861;296.000;2.431;93.000;-0.000;0.000;4427478012698945000000000000.000;-0.000;0.000;0.000;-0.000;-0.000;-0.000;0.000;-0.000;0.000;-0.000
33171009;12:24:09.583;44449.51677758102;299.000;2.076;93.000;-0.000;0.000;4427478012698945000000000000.000;-0.000;0.000;0.000;-0.000;-0.000;-0.000;0.000;-0.000;0.000;-0.000
33171009;12:24:10.602;44449.516789375004;301.000;2.555;93.000;-0.000;0.000;4427478012698945000000000000.000;-0.000;0.000;0.000;-0.000;-0.000;-0.000;0.000;-0.000;0.000;-0.000
33171009;12:24:11.615;44449.51680109954;304.000;2.431;93.000;-0.000;0.000;4427478012698945000000000000.000;-0.000;0.000;0.000;-0.000;-0.000;-0.000;0.000;-0.000;0.000;-0.000
33171009;12:24:12.580;44449.51681226851;306.000;2.847;93.000;-0.000;0.000;4427478012698945000000000000.000;-0.000;0.000;0.000;-0.000;-0.000;-0.000;0.000;-0.000;0.000;-0.000
33171009;12:24:13.601;44449.516824085644;309.000;2.491;93.000;-0.000;0.000;0.000;-0.000;-0.000;NaN;-0.000;0.000;-0.000;0.000;0.000;0.000;-0.000
33171009;12:24:14.563;44449.51683521991;311.000;2.261;93.000;-0.000;0.000;0.000;-0.000;-0.000;NaN;-0.000;0.000;-0.000;0.000;0.000;0.000;-0.000
33171009;12:24:15.600;44449.51684722222;314.000;3.020;93.000;-0.000;0.000;0.000;-0.000;-0.000;NaN;-0.000;0.000;-0.000;0.000;0.000;0.000;-0.000
33171009;12:24:16.563;44449.51685836806;316.000;2.555;93.000;-0.000;0.000;4427478012698945000000000000.000;-0.000;0.000;0.000;-0.000;-0.000;-0.000;0.000;-0.000;0.000;-0.000
33171009;12:24:17.581;44449.51687015046;319.000;2.265;93.000;-0.000;0.000;4427478012698945000000000000.000;-0.000;0.000;0.000;-0.000;-0.000;-0.000;0.000;-0.000;0.000;-0.000
33171009;12:24:18.600;44449.516881944444;321.000;2.491;93.000;-0.000;0.000;4427478012698945000000000000.000;-0.000;0.000;0.000;-0.000;-0.000;-0.000;0.000;-0.000;0.000;-0.000
33171009;12:24:19.562;44449.516893078704;324.000;2.555;93.000;-0.000;0.000;4427478012698945000000000000.000;-0.000;0.000;0.000;-0.000;-0.000;-0.000;0.000;-0.000;0.000;-0.000
33171009;12:24:20.580;44449.51690486111;327.000;2.215;93.000;-0.000;0.000;0.000;-0.000;-0.000;NaN;-0.000;0.000;-0.000;0.000;0.000;0.000;-0.000
33171009;12:24:21.546;44449.51691604167;329.000;2.491;93.000;-0.000;0.000;4427478012698945000000000000.000;-0.000;0.000;0.000;-0.000;-0.000;-0.000;0.000;-0.000;0.000;-0.000
33171009;12:24:22.561;44449.51692778935;332.000;2.555;93.000;-0.000;0.000;0.000;-0.000;-0.000;NaN;-0.000;0.000;-0.000;0.000;0.000;0.000;-0.000
33171009;12:24:23.600;44449.516939814814;334.000;3.228;93.000;-0.000;0.000;0.000;-0.000;-0.000;NaN;-0.000;0.000;-0.000;0.000;0.000;0.000;-0.000
33171009;12:24:24.563;44449.51695096065;337.000;2.693;93.000;-0.000;0.000;4427478012698945000000000000.000;-0.000;0.000;0.000;-0.000;-0.000;-0.000;0.000;-0.000;0.000;-0.000
33171009;12:24:25.635;44449.516963368056;339.000;2.120;93.000;-0.000;0.000;4427478012698945000000000000.000;-0.000;0.000;0.000;-0.000;-0.000;-0.000;0.000;-0.000;0.000;-0.000
33171009;12:24:26.549;44449.51697394676;342.000;3.690;89.000;-0.000;0.000;4427478012698945000000000000.000;-0.000;0.000;0.000;-0.000;-0.000;-0.000;0.000;-0.000;0.000;-0.000
33171009;12:24:27.562;44449.5169856713;345.000;1.880;89.000;-0.000;0.000;4427478012698945000000000000.000;-0.000;0.000;0.000;-0.000;-0.000;-0.000;0.000;-0.000;0.000;-0.000
33171009;12:24:28.536;44449.51699694444;347.000;2.118;82.000;-0.000;0.000;4427478012698945000000000000.000;-0.000;0.000;0.000;-0.000;-0.000;-0.000;0.000;-0.000;0.000;-0.000
33171009;12:24:29.540;44449.51700856481;349.000;2.317;91.000;-0.000;0.000;4427478012698945000000000000.000;-0.000;0.000;0.000;-0.000;-0.000;-0.000;0.000;-0.000;0.000;-0.000
33171009;12:24:30.560;44449.517020370375;352.000;2.931;93.000;-0.000;0.000;4427478012698945000000000000.000;-0.000;0.000;0.000;-0.000;-0.000;-0.000;0.000;-0.000;0.000;-0.000
33171009;12:24:31.601;44449.51703241898;354.000;2.491;93.000;-0.000;0.000;4427478012698945000000000000.000;-0.000;0.000;0.000;-0.000;-0.000;-0.000;0.000;-0.000;0.000;-0.000
33171009;12:24:32.561;44449.5170435301;356.000;2.264;93.000;-0.000;0.000;4427478012698945000000000000.000;-0.000;0.000;0.000;-0.000;-0.000;-0.000;0.000;-0.000;0.000;-0.000
33171009;12:24:33.529;44449.51705473379;359.000;3.021;93.000;-0.000;0.000;4427478012698945000000000000.000;-0.000;0.000;0.000;-0.000;-0.000;-0.000;0.000;-0.000;0.000;-0.000
33171009;12:24:34.543;44449.51706646991;361.000;2.427;93.000;-0.000;0.000;4427478012698945000000000000.000;-0.000;0.000;0.000;-0.000;-0.000;-0.000;0.000;-0.000;0.000;-0.000
33171009;12:24:35.561;44449.51707825232;364.000;2.214;93.000;-0.000;0.000;4427478012698945000000000000.000;-0.000;0.000;0.000;-0.000;-0.000;-0.000;0.000;-0.000;0.000;-0.000
33171009;12:24:36.525;44449.517089409725;366.000;2.555;93.000;-0.000;0.000;4427478012698945000000000000.000;-0.000;0.000;0.000;-0.000;-0.000;-0.000;0.000;-0.000;0.000;-0.000
33171009;12:24:37.540;44449.517101157406;369.000;2.372;93.000;-0.000;0.000;4427478012698945000000000000.000;-0.000;0.000;0.000;-0.000;-0.000;-0.000;0.000;-0.000;0.000;-0.000
33171009;12:24:38.558;44449.517112939815;372.000;2.120;93.000;-0.000;0.000;4427478012698945000000000000.000;-0.000;0.000;0.000;-0.000;-0.000;-0.000;0.000;-0.000;0.000;-0.000
33171009;12:24:39.526;44449.51712414352;374.000;2.318;93.000;-0.000;0.000;4427478012698945000000000000.000;-0.000;0.000;0.000;-0.000;-0.000;-0.000;0.000;-0.000;0.000;-0.000
33171009;12:24:40.561;44449.51713612268;377.000;2.437;93.000;-0.000;0.000;4427478012698945000000000000.000;-0.000;0.000;0.000;-0.000;-0.000;-0.000;0.000;-0.000;0.000;-0.000
33171009;12:24:41.521;44449.5171472338;379.000;3.216;93.000;-0.000;0.000;4427478012698945000000000000.000;-0.000;0.000;0.000;-0.000;-0.000;-0.000;0.000;-0.000;0.000;-0.000
33171009;12:24:42.541;44449.51715903935;382.000;1.954;89.000;-0.000;0.000;4427478012698945000000000000.000;-0.000;0.000;0.000;-0.000;-0.000;-0.000;0.000;-0.000;0.000;-0.000
33171009;12:24:43.558;44449.517170810184;383.000;2.319;92.000;-0.000;0.000;4427478012698945000000000000.000;-0.000;0.000;0.000;-0.000;-0.000;-0.000;0.000;-0.000;0.000;-0.000
33171009;12:24:44.523;44449.517181979165;386.000;3.020;93.000;-0.000;0.000;4427478012698945000000000000.000;-0.000;0.000;0.000;-0.000;-0.000;-0.000;0.000;-0.000;0.000;-0.000
33171009;12:24:45.539;44449.51719373843;388.000;2.373;93.000;-0.000;0.000;4427478012698945000000000000.000;-0.000;0.000;0.000;-0.000;-0.000;-0.000;0.000;-0.000;0.000;-0.000
33171009;12:24:46.508;44449.51720495371;391.000;2.215;93.000;-0.000;0.000;4427478012698945000000000000.000;-0.000;0.000;0.000;-0.000;-0.000;-0.000;0.000;-0.000;0.000;-0.000
33171009;12:24:47.522;44449.51721668981;393.000;2.555;93.000;-0.000;0.000;4427478012698945000000000000.000;-0.000;0.000;0.000;-0.000;-0.000;-0.000;0.000;-0.000;0.000;-0.000
33171009;12:24:48.561;44449.51722871528;396.000;2.550;93.000;-0.000;0.000;4427478012698945000000000000.000;-0.000;0.000;0.000;-0.000;-0.000;-0.000;0.000;-0.000;0.000;-0.000
33171009;12:24:49.522;44449.517239837965;399.000;2.214;93.000;-0.000;0.000;4427478012698945000000000000.000;-0.000;0.000;0.000;-0.000;-0.000;-0.000;0.000;-0.000;0.000;-0.000
33171009;12:24:50.541;44449.51725163194;401.000;2.622;93.000;-0.000;0.000;4427478012698945000000000000.000;-0.000;0.000;0.000;-0.000;-0.000;-0.000;0.000;-0.000;0.000;-0.000
33171009;12:24:51.507;44449.5172628125;404.000;2.435;93.000;-0.000;0.000;0.000;-0.000;-0.000;NaN;-0.000;0.000;-0.000;0.000;0.000;0.000;-0.000
33171009;12:24:52.521;44449.51727454861;406.000;3.114;93.000;-0.000;0.000;4427478012698945000000000000.000;-0.000;0.000;0.000;-0.000;-0.000;-0.000;0.000;-0.000;0.000;-0.000
33171009;12:24:53.538;44449.517286319446;409.000;2.693;93.000;-0.000;0.000;4427478012698945000000000000.000;-0.000;0.000;0.000;-0.000;-0.000;-0.000;0.000;-0.000;0.000;-0.000
33171009;12:24:54.503;44449.517297488426;411.000;2.265;93.000;-0.000;0.000;4427478012698945000000000000.000;-0.000;0.000;0.000;-0.000;-0.000;-0.000;0.000;-0.000;0.000;-0.000
33171009;12:24:55.524;44449.51730930556;414.000;3.559;93.000;-0.000;0.000;4427478012698945000000000000.000;-0.000;0.000;0.000;-0.000;-0.000;-0.000;0.000;-0.000;0.000;-0.000
33171009;12:24:56.555;44449.517321238425;416.000;2.373;93.000;-0.000;0.000;4427478012698945000000000000.000;-0.000;0.000;0.000;-0.000;-0.000;-0.000;0.000;-0.000;0.000;-0.000
33171009;12:24:57.520;44449.517332407406;419.000;2.215;93.000;-0.000;0.000;4427478012698945000000000000.000;-0.000;0.000;0.000;-0.000;-0.000;-0.000;0.000;-0.000;0.000;-0.000
33171009;12:24:58.537;44449.51734417824;422.000;3.115;93.000;-0.000;0.000;4427478012698945000000000000.000;-0.000;0.000;0.000;-0.000;-0.000;-0.000;0.000;-0.000;0.000;-0.000
33171009;12:24:59.503;44449.517355358796;424.000;2.489;93.000;-0.000;0.000;4427478012698945000000000000.000;-0.000;0.000;0.000;-0.000;-0.000;-0.000;0.000;-0.000;0.000;-0.000
33171009;12:25:00.520;44449.51736712963;427.000;2.120;93.000;-0.000;0.000;4427478012698945000000000000.000;-0.000;0.000;0.000;-0.000;-0.000;-0.000;0.000;-0.000;0.000;-0.000
33171009;12:25:01.483;44449.517378275465;429.000;2.694;93.000;-0.000;0.000;4427478012698945000000000000.000;-0.000;0.000;0.000;-0.000;-0.000;-0.000;0.000;-0.000;0.000;-0.000
33171009;12:25:02.499;44449.51739003472;432.000;2.265;93.000;-0.000;0.000;4427478012698945000000000000.000;-0.000;0.000;0.000;-0.000;-0.000;-0.000;0.000;-0.000;0.000;-0.000
33171009;12:25:03.516;44449.517401805555;435.000;2.214;93.000;-0.000;0.000;4427478012698945000000000000.000;-0.000;0.000;0.000;-0.000;-0.000;-0.000;0.000;-0.000;0.000;-0.000
33171009;12:25:04.486;44449.51741303241;437.000;2.622;93.000;-0.000;0.000;4427478012698945000000000000.000;-0.000;0.000;0.000;-0.000;-0.000;-0.000;0.000;-0.000;0.000;-0.000
33171009;12:25:05.523;44449.51742503472;440.000;2.124;93.000;-0.000;0.000;4427478012698945000000000000.000;-0.000;0.000;0.000;-0.000;-0.000;-0.000;0.000;-0.000;0.000;-0.000
33171009;12:25:06.480;44449.51743611111;443.000;2.266;93.000;-0.000;0.000;4427478012698945000000000000.000;-0.000;0.000;0.000;-0.000;-0.000;-0.000;0.000;-0.000;0.000;-0.000
33171009;12:25:07.500;44449.51744791667;445.000;1.955;89.000;-0.000;0.000;4427478012698945000000000000.000;-0.000;0.000;0.000;-0.000;-0.000;-0.000;0.000;-0.000;0.000;-0.000
33171009;12:25:08.518;44449.51745969907;448.000;2.432;93.000;-0.000;0.000;4427478012698945000000000000.000;-0.000;0.000;0.000;-0.000;-0.000;-0.000;0.000;-0.000;0.000;-0.000
33171009;12:25:09.485;44449.51747089121;450.000;3.217;93.000;-0.000;0.000;4427478012698945000000000000.000;-0.000;0.000;0.000;-0.000;-0.000;-0.000;0.000;-0.000;0.000;-0.000
33171009;12:25:10.503;44449.51748267361;453.000;2.697;93.000;-0.000;0.000;4427478012698945000000000000.000;-0.000;0.000;0.000;-0.000;-0.000;-0.000;0.000;-0.000;0.000;-0.000
33171009;12:25:11.465;44449.51749380787;455.000;2.216;93.000;-0.000;0.000;4427478012698945000000000000.000;-0.000;0.000;0.000;-0.000;-0.000;-0.000;0.000;-0.000;0.000;-0.000
33171009;12:25:12.564;44449.51750652777;458.000;3.018;93.000;-0.000;0.000;4427478012698945000000000000.000;-0.000;0.000;0.000;-0.000;-0.000;-0.000;0.000;-0.000;0.000;-0.000
33171009;12:25:13.516;44449.517517546294;461.000;2.848;93.000;-0.000;0.000;4427478012698945000000000000.000;-0.000;0.000;0.000;-0.000;-0.000;-0.000;0.000;-0.000;0.000;-0.000
33171009;12:25:14.488;44449.51752879629;463.000;2.166;93.000;-0.000;0.000;4427478012698945000000000000.000;-0.000;0.000;0.000;-0.000;-0.000;-0.000;0.000;-0.000;0.000;-0.000
33171009;12:25:15.504;44449.51754055556;466.000;3.215;93.000;-0.000;0.000;4427478012698945000000000000.000;-0.000;0.000;0.000;-0.000;-0.000;-0.000;0.000;-0.000;0.000;-0.000
33171009;12:25:16.460;44449.517551620374;468.000;2.555;93.000;-0.000;0.000;4427478012698945000000000000.000;-0.000;0.000;0.000;-0.000;-0.000;-0.000;0.000;-0.000;0.000;-0.000
33171009;12:25:17.480;44449.51756342592;471.000;2.167;93.000;-0.000;0.000;0.000;-0.000;-0.000;NaN;-0.000;0.000;-0.000;0.000;0.000;0.000;-0.000
33171009;12:25:18.497;44449.51757519676;473.000;2.491;93.000;-0.000;0.000;4427478012698945000000000000.000;-0.000;0.000;0.000;-0.000;-0.000;-0.000;0.000;-0.000;0.000;-0.000
33171009;12:25:19.465;44449.51758640046;476.000;2.491;93.000;-0.000;0.000;4427478012698945000000000000.000;-0.000;0.000;0.000;-0.000;-0.000;-0.000;0.000;-0.000;0.000;-0.000
33171009;12:25:20.486;44449.51759821759;479.000;2.214;93.000;-0.000;0.000;0.000;-0.000;-0.000;NaN;-0.000;0.000;-0.000;0.000;0.000;0.000;-0.000
33171009;12:25:21.449;44449.51760936342;481.000;2.555;93.000;-0.000;0.000;4427478012698945000000000000.000;-0.000;0.000;0.000;-0.000;-0.000;-0.000;0.000;-0.000;0.000;-0.000
33171009;12:25:22.477;44449.51762126158;484.000;2.430;93.000;-0.000;0.000;0.000;-0.000;-0.000;NaN;-0.000;0.000;-0.000;0.000;0.000;0.000;-0.000
33171009;12:25:23.495;44449.517633043986;486.000;3.114;93.000;-0.000;0.000;4427478012698945000000000000.000;-0.000;0.000;0.000;-0.000;-0.000;-0.000;0.000;-0.000;0.000;-0.000
33171009;12:25:24.464;44449.517644259264;489.000;2.768;93.000;-0.000;0.000;0.000;-0.000;-0.000;NaN;-0.000;0.000;-0.000;0.000;0.000;0.000;-0.000
33171009;12:25:25.482;44449.517656041666;491.000;2.215;93.000;-0.000;0.000;4427478012698945000000000000.000;-0.000;0.000;0.000;-0.000;-0.000;-0.000;0.000;-0.000;0.000;-0.000
33171009;12:25:26.443;44449.51766716436;494.000;3.010;93.000;-0.000;0.000;4427478012698945000000000000.000;-0.000;0.000;0.000;-0.000;-0.000;-0.000;0.000;-0.000;0.000;-0.000
33171009;12:25:27.459;44449.517678923614;497.000;2.769;93.000;-0.000;0.000;0.000;-0.000;-0.000;NaN;-0.000;0.000;-0.000;0.000;0.000;0.000;-0.000
33171009;12:25:28.476;44449.51769069444;499.000;2.265;93.000;-0.000;0.000;0.000;-0.000;-0.000;NaN;-0.000;0.000;-0.000;0.000;0.000;0.000;-0.000
33171009;12:25:29.445;44449.51770190972;502.000;3.115;93.000;-0.000;0.000;4427478012698945000000000000.000;-0.000;0.000;0.000;-0.000;-0.000;-0.000;0.000;-0.000;0.000;-0.000
33171009;12:25:30.487;44449.51771396991;504.000;2.491;93.000;-0.000;0.000;4427478012698945000000000000.000;-0.000;0.000;0.000;-0.000;-0.000;-0.000;0.000;-0.000;0.000;-0.000
33171009;12:25:31.440;44449.517725;506.000;2.215;93.000;-0.000;0.000;4427478012698945000000000000.000;-0.000;0.000;0.000;-0.000;-0.000;-0.000;0.000;-0.000;0.000;-0.000
33171009;12:25:32.456;44449.517736759255;509.000;3.833;89.000;-0.000;0.000;4427478012698945000000000000.000;-0.000;0.000;0.000;-0.000;-0.000;-0.000;0.000;-0.000;0.000;-0.000
33171009;12:25:33.477;44449.517748576385;511.000;2.694;92.000;-0.000;0.000;0.000;-0.000;-0.000;0.000;-0.000;0.000;-0.000;0.000;0.000;0.000;-0.000
33171009;12:25:34.445;44449.517759780094;514.000;2.213;92.000;-0.000;0.000;4427478012698945000000000000.000;-0.000;0.000;0.000;-0.000;-0.000;-0.000;0.000;-0.000;0.000;-0.000
33171009;12:25:35.462;44449.51777155093;516.000;3.322;92.000;-0.000;0.000;0.000;-0.000;-0.000;NaN;-0.000;0.000;-0.000;0.000;0.000;0.000;-0.000
33171009;12:25:36.424;44449.51778268519;519.000;2.491;93.000;-0.000;0.000;4427478012698945000000000000.000;-0.000;0.000;0.000;-0.000;-0.000;-0.000;0.000;-0.000;0.000;-0.000
33171009;12:25:37.437;44449.51779440972;522.000;2.166;93.000;-0.000;0.000;4427478012698945000000000000.000;-0.000;0.000;0.000;-0.000;-0.000;-0.000;0.000;-0.000;0.000;-0.000
33171009;12:25:38.476;44449.517806435186;524.000;2.623;93.000;-0.000;0.000;4427478012698945000000000000.000;-0.000;0.000;0.000;-0.000;-0.000;-0.000;0.000;-0.000;0.000;-0.000
33171009;12:25:39.446;44449.51781766204;527.000;2.431;93.000;-0.000;0.000;4427478012698945000000000000.000;-0.000;0.000;0.000;-0.000;-0.000;-0.000;0.000;-0.000;0.000;-0.000
33171009;12:25:40.457;44449.51782936342;530.000;2.166;93.000;-0.000;0.000;4427478012698945000000000000.000;-0.000;0.000;0.000;-0.000;-0.000;-0.000;0.000;-0.000;0.000;-0.000
33171009;12:25:41.422;44449.51784053241;532.000;2.076;89.000;-0.000;0.000;4427478012698945000000000000.000;-0.000;0.000;0.000;-0.000;-0.000;-0.000;0.000;-0.000;0.000;-0.000
33171009;12:25:42.439;44449.51785230324;535.000;2.554;60.000;-0.000;0.000;4427478012698945000000000000.000;-0.000;0.000;0.000;-0.000;-0.000;-0.000;0.000;-0.000;0.000;-0.000
33171009;12:25:43.421;44449.51786366898;538.000;2.932;89.000;-0.000;0.000;4427478012698945000000000000.000;-0.000;0.000;0.000;-0.000;-0.000;-0.000;0.000;-0.000;0.000;-0.000
33171009;12:25:44.439;44449.51787545139;540.000;2.121;85.000;-0.000;0.000;4427478012698945000000000000.000;-0.000;0.000;0.000;-0.000;-0.000;-0.000;0.000;-0.000;0.000;-0.000
33171009;12:25:45.457;44449.5178872338;542.000;2.115;92.000;-0.000;0.000;4427478012698945000000000000.000;-0.000;0.000;0.000;-0.000;-0.000;-0.000;0.000;-0.000;0.000;-0.000
33171009;12:25:46.426;44449.51789844908;545.000;3.020;93.000;-0.000;0.000;4427478012698945000000000000.000;-0.000;0.000;0.000;-0.000;-0.000;-0.000;0.000;-0.000;0.000;-0.000
33171009;12:25:47.444;44449.51791023149;547.000;2.492;93.000;-0.000;0.000;4427478012698945000000000000.000;-0.000;0.000;0.000;-0.000;-0.000;-0.000;0.000;-0.000;0.000;-0.000
33171009;12:25:48.403;44449.51792133102;550.000;2.120;93.000;-0.000;0.000;4427478012698945000000000000.000;-0.000;0.000;0.000;-0.000;-0.000;-0.000;0.000;-0.000;0.000;-0.000
33171009;12:25:49.416;44449.517933055555;552.000;2.492;93.000;-0.000;0.000;4427478012698945000000000000.000;-0.000;0.000;0.000;-0.000;-0.000;-0.000;0.000;-0.000;0.000;-0.000
33171009;12:25:50.458;44449.517945115746;555.000;1.994;89.000;-0.000;0.000;0.000;-0.000;-0.000;NaN;-0.000;0.000;-0.000;0.000;0.000;0.000;-0.000
33171009;12:25:51.426;44449.51795631944;558.000;2.215;92.000;-0.000;0.000;4427478012698945000000000000.000;-0.000;0.000;0.000;-0.000;-0.000;-0.000;0.000;-0.000;0.000;-0.000
33171009;12:25:52.438;44449.51796803241;560.000;2.556;93.000;-0.000;0.000;4427478012698945000000000000.000;-0.000;0.000;0.000;-0.000;-0.000;-0.000;0.000;-0.000;0.000;-0.000
33171009;12:25:53.398;44449.51797914352;563.000;2.556;93.000;-0.000;0.000;4427478012698945000000000000.000;-0.000;0.000;0.000;-0.000;-0.000;-0.000;0.000;-0.000;0.000;-0.000
33171009;12:25:54.419;44449.51799096065;565.000;3.215;93.000;-0.000;0.000;4427478012698945000000000000.000;-0.000;0.000;0.000;-0.000;-0.000;-0.000;0.000;-0.000;0.000;-0.000
33171009;12:25:55.436;44449.51800273148;568.000;1.993;87.000;-0.000;0.000;4427478012698945000000000000.000;-0.000;0.000;0.000;-0.000;-0.000;-0.000;0.000;-0.000;0.000;-0.000
33171009;12:28:40.928;44449.519918148144;1.000;1.999;52.000;-0.000;0.000;4427478012698945000000000000.000;-0.000;0.000;0.000;-0.000;-0.000;-0.000;0.000;-0.000;-0.000;-0.000
33171009;12:28:41.891;44449.51992929398;2.000;3.216;70.000;-0.000;0.000;4427478012698945000000000000.000;-0.000;0.000;0.000;-0.000;-0.000;-0.000;0.000;-0.000;-0.000;-0.000
33171009;12:28:43.946;44449.51995307871;3.000;3.850;57.000;-0.000;0.000;4427478012698945000000000000.000;-0.000;0.000;0.000;-0.000;-0.000;-0.000;0.000;-0.000;-0.000;-0.000
33171009;12:28:44.907;44449.51996420139;6.000;3.437;66.000;-0.000;0.000;0.000;-0.000;-0.000;NaN;-0.000;0.000;-0.000;0.000;0.000;0.000;-0.000
33171009;12:28:45.923;44449.51997596065;9.000;3.559;83.000;-0.000;0.000;4427478012698945000000000000.000;-0.000;0.000;0.000;-0.000;-0.000;-0.000;0.000;-0.000;0.000;-0.000
33171009;12:28:46.887;44449.51998711805;11.000;2.431;84.000;-0.000;0.000;4427478012698945000000000000.000;-0.000;0.000;0.000;-0.000;-0.000;-0.000;0.000;-0.000;0.000;-0.000
33171009;12:28:47.909;44449.51999894676;14.000;3.833;83.000;-0.000;0.000;4427478012698945000000000000.000;-0.000;0.000;0.000;-0.000;-0.000;-0.000;0.000;-0.000;0.000;-0.000
33171009;12:29:10.041;44449.520255104166;1.000;1.984;58.000;-0.000;0.000;4427478012698945000000000000.000;-0.000;0.000;0.000;-0.000;-0.000;-0.000;0.000;-0.000;-0.000;-0.000
33171009;12:29:11.057;44449.52026686343;2.000;1.558;73.000;-0.000;0.000;4427478012698945000000000000.000;-0.000;0.000;0.000;-0.000;-0.000;-0.000;0.000;-0.000;-0.000;-0.000
33171009;12:29:12.072;44449.52027861111;4.000;1.445;78.000;-0.000;0.000;4427478012698945000000000000.000;-0.000;0.000;0.000;-0.000;-0.000;-0.000;0.000;-0.000;-0.000;-0.000
33171009;12:29:14.052;44449.52030152778;6.000;1.386;59.000;-0.000;0.000;4427478012698945000000000000.000;-0.000;0.000;0.000;-0.000;-0.000;-0.000;0.000;-0.000;-0.000;-0.000
33171009;12:29:16.059;44449.520324756944;7.000;1.812;52.000;-0.000;0.000;4427478012698945000000000000.000;-0.000;0.000;0.000;-0.000;-0.000;-0.000;0.000;-0.000;-0.000;-0.000
33171009;12:29:18.031;44449.52034758102;8.000;1.466;49.000;-0.000;0.000;4427478012698945000000000000.000;-0.000;0.000;0.000;-0.000;-0.000;-0.000;0.000;-0.000;-0.000;-0.000
33171009;12:35:54.703;44449.524938692135;1.000;1.533;59.000;-0.000;0.000;4427478012698945000000000000.000;-0.000;0.000;0.000;-0.000;-0.000;-0.000;0.000;-0.000;-0.000;-0.000
33171009;12:39:19.041;44449.52730371528;1.000;2.432;72.000;-0.000;0.000;4427478012698945000000000000.000;-0.000;0.000;0.000;-0.000;-0.000;-0.000;0.000;-0.000;-0.000;-0.000
33171009;12:39:20.055;44449.527315451385;4.000;1.846;82.000;-0.000;0.000;4427478012698945000000000000.000;-0.000;0.000;0.000;-0.000;-0.000;-0.000;0.000;-0.000;-0.000;-0.000
33171009;12:39:21.015;44449.5273265625;6.000;2.487;57.000;-0.000;0.000;4427478012698945000000000000.000;-0.000;0.000;0.000;-0.000;-0.000;-0.000;0.000;-0.000;-0.000;-0.000
33171009;12:39:30.027;44449.52743086805;8.000;2.694;60.000;-0.000;0.000;4427478012698945000000000000.000;-0.000;0.000;0.000;-0.000;-0.000;-0.000;0.000;-0.000;0.000;-0.000
33171009;12:39:31.003;44449.527442164355;9.000;3.208;61.000;-0.000;0.000;4427478012698945000000000000.000;-0.000;0.000;0.000;-0.000;-0.000;-0.000;0.000;-0.000;0.000;-0.000
33171009;12:39:35.026;44449.52748872685;10.000;2.623;49.000;-0.000;0.000;4427478012698945000000000000.000;-0.000;0.000;0.000;-0.000;-0.000;-0.000;0.000;-0.000;0.000;-0.000
33171009;12:43:17.948;44449.53006884259;1.000;1.780;76.000;-0.000;0.000;4427478012698945000000000000.000;-0.000;0.000;0.000;-0.000;-0.000;-0.000;0.000;-0.000;-0.000;-0.000
33171009;12:43:18.912;44449.53008;3.000;1.955;69.000;-0.000;0.000;4427478012698945000000000000.000;-0.000;0.000;0.000;-0.000;-0.000;-0.000;0.000;-0.000;-0.000;-0.000
33171009;12:46:34.737;44449.532346493055;1.000;3.215;73.000;-0.000;0.000;4427478012698945000000000000.000;-0.000;0.000;0.000;-0.000;-0.000;-0.000;0.000;-0.000;-0.000;-0.000
33171009;12:46:35.777;44449.532358530094;2.000;3.692;80.000;-0.000;0.000;4427478012698945000000000000.000;-0.000;0.000;0.000;-0.000;-0.000;-0.000;0.000;-0.000;-0.000;-0.000
33171009;12:46:36.733;44449.532369594905;6.000;3.681;84.000;-0.000;0.000;4427478012698945000000000000.000;-0.000;0.000;0.000;-0.000;-0.000;-0.000;0.000;-0.000;-0.000;-0.000
33171009;12:46:37.740;44449.53238125;8.000;3.559;78.000;-0.000;0.000;4427478012698945000000000000.000;-0.000;0.000;0.000;-0.000;-0.000;-0.000;0.000;-0.000;-0.000;-0.000
33171009;12:50:27.666;44449.53504243055;1.000;2.432;66.000;-0.000;0.000;0.000;-0.000;-0.000;NaN;-0.000;0.000;-0.000;0.000;0.000;0.000;-0.000
33171009;12:50:30.669;44449.535077187495;2.000;3.218;51.000;-0.000;0.000;4427478012698945000000000000.000;-0.000;0.000;0.000;-0.000;-0.000;-0.000;0.000;-0.000;0.000;-0.000
33171009;12:50:31.681;44449.53508890046;3.000;2.494;54.000;-0.000;0.000;4427478012698945000000000000.000;-0.000;0.000;0.000;-0.000;-0.000;-0.000;0.000;-0.000;0.000;-0.000
33171009;12:50:32.656;44449.53510018518;6.000;2.851;78.000;-0.000;0.000;4427478012698945000000000000.000;-0.000;0.000;0.000;-0.000;-0.000;-0.000;0.000;-0.000;0.000;-0.000
33171009;12:53:12.851;44449.53695429398;1.000;1.083;58.000;-0.000;0.000;0.000;-0.000;-0.000;0.000;-0.000;0.000;-0.000;0.000;0.000;0.000;-0.000
33171009;12:53:14.838;44449.53697729167;2.000;1.215;65.000;-0.000;0.000;4427478012698945000000000000.000;-0.000;0.000;0.000;-0.000;-0.000;-0.000;0.000;-0.000;0.000;-0.000
33171009;12:53:21.815;44449.53705804398;3.000;2.769;72.000;-0.000;0.000;0.000;-0.000;-0.000;NaN;-0.000;0.000;-0.000;0.000;0.000;0.000;-0.000
33171009;12:53:22.831;44449.53706980324;5.000;3.560;61.000;-0.000;0.000;4427478012698945000000000000.000;-0.000;0.000;0.000;-0.000;-0.000;-0.000;0.000;-0.000;0.000;-0.000
33171009;12:53:36.793;44449.53723140046;6.000;3.834;65.000;-0.000;0.000;4427478012698945000000000000.000;-0.000;0.000;0.000;-0.000;-0.000;-0.000;0.000;-0.000;0.000;-0.000
